"Player","TM","GM","Off PAV","Def PAV","Mid PAV","Total PAV","Off mPAV","Def mPAV","Mid mPAV","Total mPAV"
"Aarts, Jake","RI","7","0.59","0.24","0.68","1.52","-0.551","-0.817","-0.484","-0.618"
"Acres, Blake","FR","20","3.48","4.48","5.18","13.14","-0.041","0.236","0.431","0.209"
"Adams, Marcus","BL","18","0.84","7.39","1.02","9.25","-0.731","1.361","-0.674","-0.015"
"Adams, Taylor","CW","18","2.92","1.36","7.59","11.87","-0.068","-0.566","1.426","0.264"
"Ah Chee, Callum","BL","21","2.16","1.77","1.79","5.73","-0.409","-0.514","-0.509","-0.477"
"Ainsworth, Ben","GC","22","8.54","0.81","4.09","13.44","0.964","-0.814","-0.059","0.030"
"Ainsworth, Brayden","WC","1","0.07","0.04","0.01","0.12","-0.667","-0.794","-0.926","-0.796"
"Aish, James","FR","23","3.31","3.76","5.64","12.71","-0.205","-0.098","0.353","0.017"
"Aleer, Leek","GW","4","0.19","1.09","0.15","1.43","-0.762","0.379","-0.813","-0.399"
"Aliir, Aliir","PA","19","0.03","9.61","0.76","10.40","-0.993","1.560","-0.798","-0.077"
"Amartey, Joel","SY","6","1.26","0.24","0.87","2.37","0.206","-0.769","-0.165","-0.243"
"Amiss, Jye","FR","3","1.17","0.02","0.28","1.47","1.146","-0.957","-0.493","-0.101"
"Amon, Karl","PA","22","4.91","5.24","6.40","16.55","0.128","0.205","0.472","0.269"
"Anderson, Jed","NM","14","2.71","1.79","3.77","8.28","-0.020","-0.352","0.363","-0.003"
"Anderson, Noah","GC","21","5.57","4.15","11.72","21.44","0.343","-0.001","1.824","0.722"
"Andrew, Mac","GC","4","0.28","0.84","0.36","1.48","-0.640","0.060","-0.549","-0.376"
"Andrews, Harris","BL","24","-0.04","12.50","0.66","13.11","-1.010","1.995","-0.843","0.047"
"Angwin, Ryan","GW","1","-0.03","0.00","0.00","-0.03","-1.136","-1.016","-0.976","-1.043"
"Answerth, Noah","BL","23","0.86","5.02","2.22","8.11","-0.784","0.254","-0.444","-0.325"
"Archer, Jackson","NM","3","0.12","0.75","0.28","1.14","-0.801","0.265","-0.532","-0.356"
"Ash, Lachie","GW","21","2.28","4.24","3.26","9.79","-0.450","0.022","-0.214","-0.214"
"Atkins, Rory","GC","9","0.38","1.36","0.99","2.73","-0.787","-0.235","-0.443","-0.488"
"Atkins, Tom","GE","25","2.31","4.78","7.87","14.96","-0.468","0.100","0.809","0.147"
"Bailey, Zac","BL","24","7.73","2.40","5.78","15.92","0.852","-0.424","0.386","0.271"
"Baker, Liam","RI","23","3.85","5.61","4.90","14.36","-0.115","0.291","0.128","0.101"
"Baldwin, Kaine","ES","4","0.70","0.19","0.43","1.32","-0.118","-0.760","-0.450","-0.443"
"Ballard, Charlie","GC","18","0.50","7.59","0.99","9.07","-0.860","1.133","-0.722","-0.150"
"Balta, Noah","RI","18","3.58","4.26","2.07","9.91","0.052","0.251","-0.391","-0.029"
"Banfield, Bailey","FR","23","4.25","0.62","1.22","6.08","0.019","-0.852","-0.708","-0.514"
"Barrass, Tom","WC","19","1.04","9.71","0.92","11.68","-0.722","1.587","-0.754","0.037"
"Battle, Josh","SK","21","0.68","7.19","1.64","9.51","-0.835","0.732","-0.606","-0.237"
"Bazzo, Rhett","WC","9","0.16","1.94","0.22","2.32","-0.908","0.092","-0.878","-0.565"
"Bedendo, Dominic","WB","2","0.16","0.02","0.16","0.33","-0.583","-0.960","-0.581","-0.708"
"Bedford, Toby","ME","16","1.90","0.67","1.13","3.69","-0.345","-0.769","-0.611","-0.575"
"Begg, Aiden","CW","3","0.33","0.14","0.48","0.95","-0.368","-0.732","-0.074","-0.391"
"Bell, James","SY","6","1.00","0.33","0.35","1.68","-0.044","-0.686","-0.662","-0.464"
"Bergman, Miles","PA","10","1.90","1.50","1.53","4.93","-0.040","-0.240","-0.224","-0.168"
"Bergman, Miller","NM","1","0.00","0.03","0.04","0.07","-1.000","-0.831","-0.802","-0.878"
"Berry, Jarrod","BL","23","3.97","4.03","4.66","12.66","-0.007","0.008","0.165","0.055"
"Berry, Sam","AD","18","2.46","3.46","6.92","12.85","-0.307","-0.027","0.947","0.204"
"Berry, Tom","BL","3","0.30","0.11","0.27","0.69","-0.421","-0.788","-0.476","-0.562"
"Bews, Jed","GE","23","0.91","3.98","1.96","6.85","-0.773","-0.004","-0.510","-0.429"
"Bianco, Trent","CW","10","0.65","1.04","0.92","2.61","-0.627","-0.403","-0.471","-0.501"
"Billings, Jack","SK","8","1.90","1.62","1.46","4.98","0.200","0.026","-0.077","0.050"
"Black, Aaron","WC","1","0.30","0.01","0.27","0.58","0.498","-0.945","0.381","-0.022"
"Blakey, Nick","SY","24","2.22","10.71","2.66","15.59","-0.468","1.566","-0.363","0.245"
"Blanck, James","HW","9","0.14","3.05","0.42","3.61","-0.922","0.715","-0.762","-0.323"
"Blicavs, Mark","GE","24","4.72","5.54","9.51","19.77","0.130","0.328","1.279","0.579"
"Boak, Travis","PA","21","5.74","3.15","11.55","20.44","0.383","-0.240","1.782","0.642"
"Bolton, Shai","RI","23","10.88","1.21","8.91","20.99","1.502","-0.723","1.050","0.610"
"Bonar, Aiden","NM","10","-0.03","2.38","0.31","2.65","-1.015","0.203","-0.845","-0.552"
"Bonner, Riley","PA","17","1.01","5.40","1.75","8.17","-0.699","0.608","-0.478","-0.190"
"Bontempelli, Marcus","WB","22","8.68","4.62","11.82","25.12","1.088","0.112","1.841","1.013"
"Bosenavulagi, Atu","NM","9","0.15","0.85","0.43","1.42","-0.917","-0.522","-0.761","-0.733"
"Bowes, Jack","GC","5","0.14","1.70","0.78","2.62","-0.856","0.721","-0.209","-0.115"
"Bowey, Jake","ME","17","1.29","4.22","2.72","8.22","-0.582","0.370","-0.118","-0.110"
"Boyd, Jordan","CA","7","0.27","1.31","0.55","2.14","-0.805","-0.050","-0.599","-0.485"
"Bramble, Lachlan","HW","9","0.94","2.31","1.01","4.26","-0.471","0.299","-0.435","-0.202"
"Brander, Jarrod","GW","5","1.29","0.30","0.60","2.19","0.304","-0.693","-0.393","-0.261"
"Brayshaw, Andrew","FR","24","5.36","5.53","9.36","20.26","0.234","0.273","1.154","0.553"
"Brayshaw, Angus","ME","24","2.03","7.97","5.56","15.56","-0.533","0.834","0.279","0.193"
"Breust, Luke","HW","21","11.35","0.93","3.25","15.53","1.735","-0.775","-0.217","0.247"
"Briggs, Kieren","GW","4","0.87","0.61","1.15","2.63","0.095","-0.231","0.459","0.108"
"Broad, Nathan","RI","23","0.48","11.10","1.53","13.10","-0.891","1.552","-0.649","0.004"
"Brodie, Will","FR","24","4.15","2.78","10.88","17.81","-0.045","-0.361","1.502","0.365"
"Brown, Ben","ME","19","5.88","1.59","1.18","8.65","0.708","-0.537","-0.657","-0.162"
"Brown, Callum","CW","6","0.30","0.27","0.57","1.14","-0.710","-0.737","-0.458","-0.635"
"Brown, Callum","GW","8","1.13","1.31","0.55","2.99","-0.287","-0.169","-0.655","-0.370"
"Brown, Luke","AD","11","0.47","2.55","0.70","3.73","-0.783","0.175","-0.678","-0.429"
"Brown, Mitch","ME","3","0.56","0.27","0.30","1.12","0.023","-0.509","-0.452","-0.312"
"Brown, Tyler","CW","11","0.38","0.58","0.94","1.90","-0.802","-0.696","-0.507","-0.668"
"Bruce, Josh","WB","5","0.30","0.57","0.46","1.33","-0.678","-0.398","-0.511","-0.529"
"Bruhn, Tanner","GW","17","2.42","1.05","3.35","6.81","-0.281","-0.688","-0.004","-0.324"
"Bryan, Nick","ES","5","0.97","0.44","0.94","2.34","-0.023","-0.556","-0.049","-0.209"
"Budarick, Connor","GC","9","0.38","3.10","0.76","4.24","-0.787","0.740","-0.571","-0.206"
"Burgess, Chris","GC","2","0.17","0.41","0.10","0.67","-0.580","0.036","-0.759","-0.434"
"Burgoyne, Jase","PA","8","0.89","1.62","0.85","3.36","-0.440","0.026","-0.460","-0.291"
"Burton, Ryan","PA","22","2.15","10.86","3.00","16.01","-0.506","1.499","-0.310","0.228"
"Butler, Dan","SK","19","5.72","0.74","2.52","8.98","0.523","-0.803","-0.329","-0.203"
"Butler, Louis","WB","1","0.05","0.08","0.09","0.21","-0.762","-0.601","-0.539","-0.634"
"Butler, Sam","HW","9","1.74","0.18","0.75","2.67","-0.020","-0.900","-0.581","-0.500"
"Butters, Zak","PA","20","5.21","2.50","7.30","15.01","0.318","-0.367","0.846","0.266"
"Butts, Jordon","AD","19","0.21","6.84","0.42","7.47","-0.944","0.821","-0.887","-0.337"
"Byrne-Jones, Darcy","PA","21","1.04","6.13","2.84","10.01","-0.750","0.477","-0.315","-0.196"
"Byrnes, Ryan","SK","11","0.54","0.90","0.94","2.38","-0.751","-0.585","-0.569","-0.635"
"Caldwell, Jye","ES","20","4.14","1.79","5.99","11.93","0.049","-0.546","0.515","0.006"
"Callaghan, Finn","GW","5","0.75","0.73","0.57","2.05","-0.239","-0.258","-0.424","-0.307"
"Callow, Jackson","HW","3","0.27","0.20","0.22","0.70","-0.545","-0.656","-0.622","-0.608"
"Cameron, Charlie","BL","25","10.84","1.15","2.16","14.15","1.492","-0.736","-0.502","0.085"
"Cameron, Darcy","CW","24","7.15","3.08","5.93","16.17","0.713","-0.262","0.422","0.291"
"Cameron, Jeremy","GE","24","13.03","1.39","4.16","18.57","2.121","-0.668","-0.004","0.483"
"Campbell, Braeden","SY","17","0.95","2.10","1.28","4.34","-0.678","-0.289","-0.566","-0.511"
"Campbell, Tom","SK","2","0.59","0.39","0.87","1.85","0.491","-0.008","1.191","0.558"
"Carmichael, Josh","CW","7","0.95","0.34","1.23","2.53","-0.219","-0.717","0.013","-0.308"
"Carroll, Jack","CA","5","0.88","0.22","1.03","2.13","-0.107","-0.782","0.044","-0.282"
"Casboult, Levi","GC","21","7.15","0.98","1.31","9.44","0.723","-0.763","-0.685","-0.242"
"Castagna, Jason","RI","16","3.37","0.51","1.46","5.35","0.115","-0.831","-0.517","-0.411"
"Ceglar, Jonathon","GE","3","0.26","0.62","1.20","2.08","-0.496","0.190","1.296","0.330"
"Cerra, Adam","CA","18","3.41","2.27","7.98","13.66","-0.042","-0.363","1.244","0.280"
"Chandler, Kade","ME","4","0.00","0.00","0.00","0.00","-1.000","-0.995","-1.004","-1.000"
"Chapman, Heath","FR","17","0.86","5.59","1.43","7.89","-0.720","0.816","-0.534","-0.146"
"Chol, Mabior","GC","22","9.51","1.50","2.73","13.74","1.188","-0.654","-0.373","0.054"
"Chugg, Isaac","CW","2","0.00","0.00","0.05","0.04","-1.000","-1.008","-0.866","-0.958"
"Clark, Greg","WC","9","0.86","1.03","1.17","3.05","-0.519","-0.424","-0.340","-0.427"
"Clark, Hunter","SK","8","0.22","1.68","1.06","2.96","-0.863","0.060","-0.327","-0.377"
"Clark, Jordan","FR","24","2.57","8.40","4.29","15.26","-0.410","0.933","-0.013","0.170"
"Clarke, Judson","RI","3","0.67","0.20","0.24","1.11","0.173","-0.643","-0.578","-0.350"
"Clarke, Ryan","SY","14","1.54","0.75","1.40","3.69","-0.367","-0.692","-0.425","-0.495"
"Cleary, Luke","WB","4","0.05","0.37","0.10","0.51","-0.940","-0.517","-0.864","-0.774"
"Close, Brad","GE","25","7.08","1.92","4.83","13.83","0.628","-0.559","0.112","0.060"
"Clurey, Tom","PA","13","-0.05","5.21","0.25","5.41","-1.020","1.029","-0.902","-0.298"
"Cockatoo, Nakia","BL","8","1.19","0.86","1.09","3.13","-0.147","-0.384","-0.219","-0.250"
"Coleman, Keidean","BL","18","2.44","4.93","2.37","9.74","-0.221","0.574","-0.242","0.037"
"Coleman-Jones, Callum","NM","10","2.63","0.55","1.43","4.61","0.331","-0.724","-0.275","-0.223"
"Collier-Dawkins, Riley","RI","2","0.07","0.17","0.40","0.64","-0.812","-0.553","0.050","-0.438"
"Collins, Sam","GC","22","0.76","11.38","1.08","13.23","-0.825","1.618","-0.751","0.014"
"Colyer, Travis","FR","18","3.85","1.45","2.54","7.83","0.180","-0.556","-0.222","-0.199"
"Comben, Charlie","NM","1","0.15","-0.02","0.07","0.20","-0.217","-1.117","-0.639","-0.658"
"Coniglio, Stephen","GW","21","6.26","1.93","7.68","15.86","0.507","-0.536","0.850","0.274"
"Constable, Charlie","GC","2","0.02","0.07","0.04","0.13","-0.940","-0.826","-0.900","-0.889"
"Cook, Brayden","AD","8","1.00","0.50","0.78","2.27","-0.370","-0.685","-0.509","-0.521"
"Corbett, Josh","GC","4","0.81","0.04","0.25","1.09","0.020","-0.953","-0.686","-0.539"
"Cordy, Zaine","WB","14","0.87","2.81","1.31","4.99","-0.672","0.063","-0.505","-0.371"
"Corr, Aidan","NM","20","-0.15","9.52","0.49","9.86","-1.037","1.408","-0.875","-0.168"
"Cotchin, Trent","RI","19","4.02","2.37","8.40","14.79","0.119","-0.340","1.340","0.373"
"Cottrell, Matthew","CA","18","3.19","1.78","2.44","7.41","-0.104","-0.499","-0.315","-0.306"
"Cox, Brennan","FR","23","0.28","13.70","0.97","14.95","-0.933","2.288","-0.767","0.196"
"Cox, Mason","CW","18","3.59","2.54","3.69","9.82","0.148","-0.189","0.179","0.046"
"Cox, Nik","ES","5","0.64","0.30","0.43","1.37","-0.353","-0.698","-0.567","-0.539"
"Cripps, Jamie","WC","17","8.75","1.10","3.94","13.79","1.604","-0.674","0.174","0.368"
"Cripps, Patrick","CA","21","7.06","2.16","13.40","22.61","0.700","-0.480","2.228","0.816"
"Crisp, Jack","CW","25","5.53","4.82","10.75","21.11","0.273","0.109","1.473","0.618"
"Crouch, Brad","SK","21","4.20","2.71","10.36","17.26","0.012","-0.348","1.495","0.386"
"Crouch, Matt","AD","11","0.89","1.95","3.45","6.29","-0.590","-0.105","0.587","-0.036"
"Crowden, Mitch","FR","2","0.00","0.00","0.00","0.00","-1.000","-1.000","-1.000","-1.000"
"Crozier, Hayden","WB","5","0.23","1.18","0.36","1.77","-0.762","0.249","-0.617","-0.377"
"Culley, Jai","WC","4","0.66","0.20","1.05","1.90","-0.168","-0.746","0.323","-0.197"
"Cumberland, Noah","RI","9","4.28","0.23","1.15","5.65","1.513","-0.865","-0.326","0.107"
"Cumming, Isaac","GW","21","1.64","11.13","2.82","15.59","-0.605","1.682","-0.320","0.252"
"Cunningham, Harry","SY","10","0.45","1.57","0.55","2.58","-0.739","-0.095","-0.682","-0.505"
"Cunnington, Ben","NM","2","0.00","0.07","0.27","0.35","-1.000","-0.810","-0.308","-0.706"
"Curnow, Charlie","CA","22","14.99","1.59","3.24","19.82","2.448","-0.635","-0.254","0.520"
"Curtis, Paul","NM","15","4.22","0.60","1.08","5.89","0.422","-0.799","-0.635","-0.337"
"Cutler, Tom","ES","9","1.48","2.71","1.27","5.46","-0.166","0.525","-0.288","0.024"
"Dahlhaus, Luke","GE","10","1.24","0.44","0.98","2.66","-0.288","-0.745","-0.436","-0.490"
"Daicos, Josh","CW","25","4.76","2.90","6.37","14.02","0.094","-0.334","0.465","0.075"
"Daicos, Nick","CW","25","3.26","6.79","4.67","14.73","-0.249","0.563","0.074","0.129"
"Dale, Bailey","WB","23","2.82","11.06","4.14","18.02","-0.352","1.544","-0.047","0.381"
"DAmbrosio, Massimo","ES","8","0.82","1.12","0.43","2.37","-0.482","-0.294","-0.726","-0.501"
"Dangerfield, Patrick","GE","18","4.54","2.96","10.11","17.60","0.450","-0.055","2.228","0.874"
"Daniel, Caleb","WB","19","1.10","6.37","2.30","9.78","-0.693","0.775","-0.360","-0.093"
"Daniher, Joe","BL","19","8.07","0.21","2.14","10.42","1.443","-0.935","-0.354","0.051"
"Darcy, Sam","WB","4","0.81","0.37","0.24","1.42","0.065","-0.505","-0.681","-0.373"
"Darcy, Sean","FR","21","7.51","1.92","9.23","18.66","0.974","-0.496","1.427","0.635"
"Darling, Jack","WC","21","10.64","1.74","1.43","13.81","1.564","-0.581","-0.656","0.109"
"Davies, Alex","GC","15","2.05","1.04","2.60","5.69","-0.308","-0.648","-0.124","-0.360"
"Davies-Uniacke, Luke","NM","21","5.60","3.08","7.92","16.60","0.350","-0.259","0.908","0.333"
"Davis, Ben","AD","5","0.24","0.11","0.10","0.45","-0.761","-0.887","-0.896","-0.848"
"Davis, Phil","GW","5","0.13","2.01","0.17","2.31","-0.864","1.030","-0.829","-0.221"
"Dawson, Jordan","AD","22","4.59","12.45","3.91","20.94","0.055","1.863","-0.101","0.606"
"Dawson, Kallan","NM","4","0.38","1.26","0.25","1.90","-0.515","0.598","-0.684","-0.200"
"Day, Sam","GC","4","1.47","0.30","0.50","2.26","0.860","-0.626","-0.372","-0.046"
"Day, Will","HW","17","1.36","4.83","1.75","7.94","-0.596","0.439","-0.478","-0.212"
"de Boer, Matt","GW","12","1.93","0.76","1.03","3.73","-0.185","-0.679","-0.564","-0.476"
"de Goey, Jordan","CW","19","5.19","2.89","7.90","15.98","0.570","-0.125","1.390","0.612"
"De Koning, Sam","GE","23","0.83","9.41","0.78","11.02","-0.794","1.354","-0.804","-0.081"
"De Koning, Tom","CA","19","4.23","2.56","6.13","12.92","0.127","-0.318","0.632","0.147"
"Dempsey, Oliver","GE","2","0.31","0.02","0.16","0.49","-0.110","-0.942","-0.531","-0.528"
"Dewar, Angus","WC","1","0.00","0.36","0.02","0.38","-1.000","0.839","-0.905","-0.355"
"Dixon, Charlie","PA","12","4.77","1.20","2.95","8.91","1.010","-0.496","0.245","0.253"
"Dixon, Hugh","WC","10","2.41","0.65","1.13","4.19","0.219","-0.673","-0.427","-0.294"
"Docherty, Sam","CA","22","2.62","10.12","4.89","17.64","-0.396","1.329","0.124","0.352"
"Doedee, Tom","AD","20","0.73","9.10","1.26","11.09","-0.814","1.301","-0.681","-0.065"
"Dow, Paddy","CA","4","0.07","0.11","0.64","0.82","-0.907","-0.864","-0.196","-0.656"
"Dow, Thomson","RI","6","0.57","0.85","1.93","3.35","-0.497","-0.252","0.701","-0.016"
"Draper, Sam","ES","22","6.93","3.03","8.99","18.95","0.593","-0.303","1.068","0.453"
"Drew, Willem","PA","22","2.86","3.07","7.31","13.24","-0.343","-0.295","0.682","0.015"
"Duggan, Liam","WC","20","2.50","5.84","2.24","10.58","-0.368","0.478","-0.432","-0.107"
"Dumont, Trent","PA","8","0.91","1.44","1.14","3.50","-0.424","-0.089","-0.276","-0.263"
"Duncan, Mitch","GE","22","3.59","6.62","4.94","15.15","-0.061","0.730","0.291","0.320"
"Dunkley, Josh","WB","23","5.92","3.68","8.97","18.56","0.361","-0.154","1.062","0.423"
"Dunstan, Luke","ME","5","0.39","0.25","1.15","1.80","-0.567","-0.719","0.273","-0.338"
"Durdin, Corey","CA","21","4.39","1.13","2.24","7.76","0.058","-0.727","-0.460","-0.376"
"Durdin, Sam","CA","1","-0.02","0.68","0.07","0.72","-1.124","2.431","-0.659","0.216"
"Durham, Sam","ES","20","2.07","2.87","2.45","7.39","-0.476","-0.275","-0.380","-0.377"
"Duryea, Taylor","WB","12","0.79","2.45","1.11","4.35","-0.652","0.081","-0.510","-0.361"
"Duursma, Xavier","PA","11","1.80","1.72","1.47","4.98","-0.174","-0.209","-0.326","-0.236"
"Edwards, Harry","WC","17","0.07","4.81","0.36","5.23","-0.980","0.432","-0.893","-0.481"
"Edwards, Luke","WC","3","0.20","0.18","0.25","0.63","-0.667","-0.703","-0.571","-0.647"
"Edwards, Shane","RI","22","4.99","1.39","3.63","10.01","0.199","-0.665","-0.126","-0.197"
"Elliott, Jamie","CW","19","6.05","0.87","2.65","9.57","0.832","-0.737","-0.198","-0.034"
"Ellis, Brandon","GC","21","3.51","5.42","4.07","13.00","-0.154","0.305","-0.019","0.044"
"English, Tim","WB","16","5.88","2.94","7.43","16.24","0.943","-0.029","1.456","0.790"
"Erasmus, Neil","FR","5","0.49","0.13","0.85","1.47","-0.459","-0.855","-0.063","-0.459"
"Evans, Francis","GE","5","0.33","0.28","0.34","0.95","-0.620","-0.683","-0.606","-0.636"
"Fantasia, Orazio","PA","1","0.00","0.00","0.00","0.00","-1.000","-1.000","-1.000","-1.000"
"Farrar, Jy","GC","14","0.50","4.44","1.14","6.08","-0.820","0.605","-0.588","-0.268"
"Farrell, Kane","PA","16","3.79","3.91","3.32","11.02","0.199","0.237","0.049","0.162"
"Finlayson, Jeremy","PA","20","7.53","3.01","6.59","17.14","0.905","-0.237","0.668","0.445"
"Fiorini, Brayden","GC","14","1.87","2.19","3.52","7.59","-0.323","-0.207","0.273","-0.085"
"Fisher, Zac","CA","22","5.32","2.12","4.44","11.88","0.224","-0.512","0.021","-0.089"
"Flanders, Sam","GC","9","0.95","0.91","0.95","2.82","-0.467","-0.487","-0.464","-0.472"
"Florenca, Jake","WC","1","0.03","0.26","0.21","0.51","-0.834","0.331","0.075","-0.143"
"Florent, Oliver","SY","25","3.17","5.26","4.23","12.66","-0.270","0.209","-0.028","-0.030"
"Flynn, Matt","GW","12","3.32","1.24","3.61","8.16","0.398","-0.477","0.520","0.147"
"Fogarty, Darcy","AD","17","7.88","1.22","1.88","10.99","1.345","-0.636","-0.439","0.090"
"Fogarty, Lachie","CA","3","0.37","0.17","0.24","0.78","-0.380","-0.709","-0.591","-0.560"
"Foley, Luke","WC","16","1.15","3.05","1.25","5.45","-0.636","-0.036","-0.604","-0.425"
"Ford, Eddie","NM","3","0.21","0.05","0.07","0.32","-0.652","-0.920","-0.885","-0.819"
"Fort, Darcy","BL","18","3.96","2.05","4.83","10.85","0.265","-0.344","0.543","0.155"
"Fox, Robbie","SY","14","0.48","4.22","0.89","5.58","-0.804","0.732","-0.635","-0.236"
"Frampton, Billy","AD","6","0.50","3.76","0.26","4.52","-0.580","2.169","-0.780","0.270"
"Francis, Aaron","ES","4","1.18","0.35","0.36","1.88","0.489","-0.562","-0.548","-0.207"
"Franklin, Lance","SY","23","11.20","0.74","2.56","14.50","1.800","-0.815","-0.360","0.208"
"Frederick, Martin","PA","6","0.30","0.29","0.18","0.77","-0.744","-0.756","-0.852","-0.784"
"Frederick, Michael","FR","22","6.79","0.86","2.79","10.44","0.703","-0.784","-0.300","-0.127"
"Fritsch, Bayley","ME","24","10.88","1.09","2.30","14.28","1.503","-0.749","-0.471","0.095"
"Frost, Sam","HW","12","0.27","4.44","0.61","5.32","-0.886","0.872","-0.743","-0.252"
"Fullarton, Tom","BL","5","0.78","0.60","0.40","1.78","-0.106","-0.311","-0.537","-0.318"
"Fyfe, Nat","FR","7","1.61","0.21","1.35","3.18","0.269","-0.830","0.068","-0.164"
"Gaff, Andrew","WC","16","1.78","2.29","3.12","7.19","-0.438","-0.274","-0.014","-0.242"
"Garcia, Riley","WB","7","0.90","0.11","0.79","1.80","-0.319","-0.918","-0.399","-0.545"
"Gardiner, Darcy","BL","21","0.28","6.27","1.10","7.65","-0.923","0.718","-0.699","-0.301"
"Gardner, Ryan","WB","22","-0.07","10.83","0.49","11.25","-1.016","1.604","-0.881","-0.098"
"Gawn, Max","ME","22","7.83","3.40","11.17","22.41","0.965","-0.146","1.804","0.874"
"Georgiades, Mitch","PA","19","5.82","0.85","1.54","8.21","0.549","-0.773","-0.590","-0.271"
"Gibcus, Josh","RI","18","1.02","6.92","0.74","8.68","-0.700","1.034","-0.783","-0.150"
"Ginnivan, Jack","CW","23","7.87","0.90","2.40","11.17","0.967","-0.775","-0.400","-0.069"
"Giro, Stefan","WC","1","0.16","0.02","0.10","0.28","-0.168","-0.890","-0.505","-0.521"
"Goater, Josh","NM","1","0.06","0.25","0.02","0.33","-0.702","0.279","-0.901","-0.441"
"Goldstein, Todd","NM","22","9.34","3.45","5.86","18.65","1.148","-0.206","0.348","0.430"
"Gollant, Lachlan","AD","7","1.91","0.41","0.31","2.63","0.383","-0.707","-0.773","-0.366"
"Graham, Caleb","GC","15","0.63","8.24","0.92","9.79","-0.788","1.779","-0.689","0.101"
"Graham, Jack","RI","20","4.04","1.68","6.28","12.00","0.068","-0.557","0.662","0.058"
"Grainger-Barras, Denver","HW","16","-0.14","4.98","0.48","5.33","-1.044","0.576","-0.848","-0.439"
"Gray, Robbie","PA","16","4.45","0.78","2.42","7.65","0.407","-0.752","-0.235","-0.193"
"Green, Tom","GW","21","4.63","3.20","8.10","15.93","0.116","-0.230","0.951","0.279"
"Greene, Toby","GW","15","9.61","0.42","2.67","12.70","2.242","-0.859","-0.099","0.428"
"Greenwood, Hugh","NM","21","2.45","2.02","5.09","9.56","-0.410","-0.513","0.226","-0.232"
"Gresham, Jade","SK","18","6.21","1.11","7.41","14.72","0.745","-0.689","1.083","0.380"
"Grimes, Dylan","RI","15","0.10","5.39","0.40","5.89","-0.966","0.900","-0.857","-0.308"
"Grundy, Brodie","CW","6","2.06","0.68","3.13","5.88","0.979","-0.347","2.004","0.879"
"Guelfi, Matt","ES","20","5.27","1.46","3.01","9.74","0.333","-0.631","-0.239","-0.179"
"Gulden, Errol","SY","25","6.58","3.11","6.78","16.47","0.512","-0.284","0.560","0.263"
"Gunston, Jack","HW","16","8.97","0.83","1.29","11.09","1.836","-0.737","-0.591","0.169"
"Guthrie, Cameron","GE","25","3.96","3.22","10.03","17.22","-0.089","-0.259","1.308","0.320"
"Guthrie, Zach","GE","21","2.29","6.54","2.58","11.41","-0.373","0.791","-0.293","0.042"
"Hall, Aaron","NM","11","1.80","4.61","1.45","7.86","-0.173","1.119","-0.332","0.205"
"Ham, Brayden","ES","11","0.56","0.64","0.77","1.97","-0.741","-0.704","-0.647","-0.697"
"Hamill, Will","AD","13","0.58","2.16","0.76","3.50","-0.776","-0.161","-0.703","-0.546"
"Hamilton, Cooper","GW","4","0.05","0.74","0.21","1.00","-0.932","-0.065","-0.732","-0.576"
"Hamling, Joel","FR","1","0.00","0.36","0.03","0.39","-1.000","0.965","-0.813","-0.283"
"Hannan, Mitch","WB","7","1.15","1.15","0.63","2.92","-0.131","-0.134","-0.525","-0.264"
"Hannebery, Dan","SK","3","0.68","0.14","1.42","2.24","0.143","-0.757","1.398","0.261"
"Hardwick, Blake","HW","22","0.75","8.47","1.43","10.64","-0.828","0.948","-0.672","-0.184"
"Harmes, James","ME","21","3.93","2.80","5.16","11.89","0.032","-0.263","0.356","0.042"
"Hartigan, Kyle","HW","3","0.00","0.55","0.08","0.64","-1.000","-0.066","-0.858","-0.641"
"Hately, Jackson","AD","11","1.44","1.65","2.41","5.50","-0.337","-0.242","0.109","-0.156"
"Hawkins, Tom","GE","25","13.96","0.91","3.72","18.59","2.210","-0.790","-0.145","0.425"
"Hayden, Kyron","NM","5","0.06","0.99","0.16","1.21","-0.940","-0.002","-0.836","-0.593"
"Hayes, Jack","SK","5","1.77","0.52","0.87","3.16","0.790","-0.476","-0.115","0.066"
"Hayes, Sam","PA","7","1.80","0.74","2.19","4.72","0.302","-0.467","0.580","0.138"
"Hayes, Will","CA","2","0.17","0.09","0.23","0.50","-0.566","-0.761","-0.407","-0.578"
"Haynes, Nick","GW","17","1.18","4.84","1.07","7.09","-0.648","0.440","-0.681","-0.296"
"Hayward, Will","SY","25","7.41","0.86","3.02","11.29","0.705","-0.802","-0.306","-0.134"
"Heeney, Isaac","SY","25","10.93","1.76","5.85","18.54","1.513","-0.595","0.346","0.421"
"Henry, Jack","GE","17","1.25","4.96","0.91","7.12","-0.578","0.678","-0.692","-0.197"
"Henry, Liam","FR","7","0.33","0.45","0.47","1.24","-0.742","-0.648","-0.630","-0.673"
"Henry, Oliver","CW","15","4.58","0.48","1.18","6.25","0.757","-0.814","-0.548","-0.202"
"Heppell, Dyson","ES","22","2.74","5.81","3.11","11.66","-0.370","0.337","-0.286","-0.106"
"Hewett, George","CA","15","3.16","1.75","8.49","13.40","0.067","-0.410","1.863","0.507"
"Hibberd, Michael","ME","12","0.13","4.69","0.56","5.38","-0.940","1.158","-0.741","-0.174"
"Hickey, Tom","SY","16","3.20","2.08","5.64","10.92","0.149","-0.252","1.027","0.308"
"Higgins, Jack","SK","18","8.70","0.76","2.05","11.51","1.446","-0.787","-0.424","0.078"
"Higgins, Shaun","GE","5","0.70","0.63","1.12","2.45","-0.193","-0.277","0.284","-0.062"
"Highmore, Tom","SK","3","0.03","0.78","0.17","0.98","-0.954","0.318","-0.714","-0.450"
"Hill, Bobby","GW","11","2.55","0.75","1.08","4.37","0.173","-0.657","-0.505","-0.330"
"Hill, Bradley","SK","21","3.06","4.87","3.20","11.13","-0.262","0.173","-0.229","-0.106"
"Himmelberg, Elliott","AD","11","3.80","1.18","1.24","6.22","0.749","-0.458","-0.429","-0.046"
"Himmelberg, Harry","GW","22","5.78","8.92","2.17","16.88","0.329","1.052","-0.500","0.294"
"Hind, Nick","ES","21","3.43","6.92","3.81","14.16","-0.174","0.668","-0.082","0.138"
"Hinge, Mitch","AD","17","1.78","4.30","2.68","8.76","-0.469","0.281","-0.204","-0.131"
"Hipwood, Eric","BL","17","5.79","1.20","1.69","8.67","0.957","-0.595","-0.429","-0.022"
"Hobbs, Ben","ES","17","3.04","0.66","2.70","6.40","-0.094","-0.805","-0.197","-0.365"
"Hogan, Jesse","GW","18","9.40","0.82","1.42","11.64","1.643","-0.770","-0.600","0.091"
"Hollands, Elijah","GC","5","1.40","0.49","1.38","3.27","0.416","-0.500","0.398","0.105"
"Holman, Nick","GC","20","4.53","1.02","2.78","8.33","0.146","-0.742","-0.298","-0.298"
"Holmes, Max","GE","18","3.76","2.30","3.81","9.87","0.200","-0.266","0.218","0.051"
"Honey, Josh","CA","5","0.56","0.12","0.21","0.90","-0.429","-0.875","-0.785","-0.696"
"Hopper, Jacob","GW","7","0.99","0.92","2.29","4.20","-0.282","-0.338","0.655","0.012"
"Horne-Francis, Jason","NM","17","2.74","1.60","3.83","8.17","-0.184","-0.523","0.139","-0.189"
"Hoskin-Elliott, Will","CW","24","4.11","2.17","3.20","9.47","-0.016","-0.480","-0.234","-0.243"
"Hough, Brady","WC","15","1.51","1.87","1.17","4.55","-0.490","-0.369","-0.607","-0.488"
"Houston, Dan","PA","21","3.03","8.64","4.53","16.21","-0.269","1.082","0.092","0.302"
"Howard, Dougal","SK","17","0.38","11.11","0.96","12.45","-0.887","2.306","-0.713","0.235"
"Howe, Daniel","HW","9","0.71","1.36","0.95","3.02","-0.603","-0.235","-0.464","-0.434"
"Howe, Jeremy","CW","24","1.08","12.63","1.31","15.02","-0.741","2.026","-0.687","0.199"
"Hughes, Ethan","FR","6","0.05","1.53","0.75","2.32","-0.957","0.406","-0.312","-0.288"
"Hunt, Jayden","ME","20","0.79","4.47","1.84","7.10","-0.783","0.234","-0.491","-0.347"
"Hunter, Lachie","WB","10","1.44","1.52","2.12","5.08","-0.237","-0.198","0.120","-0.105"
"Hurley, Michael","ES","1","0.31","0.03","0.08","0.42","0.554","-0.849","-0.574","-0.290"
"Hurn, Shannon","WC","19","1.35","7.06","1.19","9.60","-0.641","0.881","-0.684","-0.148"
"Idun, Connor","GW","16","0.54","6.14","0.62","7.30","-0.830","0.942","-0.804","-0.231"
"Impey, Jarman","HW","16","2.21","2.19","2.17","6.57","-0.300","-0.308","-0.315","-0.308"
"Jackson, Luke","ME","22","5.32","1.75","6.16","13.22","0.334","-0.561","0.545","0.106"
"Jamieson, Callum","WC","9","1.19","0.73","1.23","3.15","-0.330","-0.588","-0.311","-0.410"
"Jeffrey, Joel","GC","5","1.90","0.33","0.55","2.78","0.920","-0.668","-0.444","-0.064"
"Jeka, Emerson","HW","3","0.03","0.71","0.06","0.80","-0.953","0.202","-0.900","-0.550"
"Jiath, Changkuoth","HW","14","1.00","4.30","1.35","6.64","-0.640","0.554","-0.513","-0.200"
"Johannisen, Jason","WB","8","1.96","0.57","1.12","3.66","0.296","-0.621","-0.258","-0.194"
"Johnson, Ash","CW","9","3.14","0.16","0.70","3.99","1.006","-0.901","-0.555","-0.150"
"Jonas, Tom","PA","21","0.20","9.60","1.22","11.01","-0.951","1.312","-0.707","-0.115"
"Jones, Chayce","AD","20","1.44","3.92","2.15","7.51","-0.635","-0.008","-0.457","-0.367"
"Jones, Harry","ES","10","2.97","0.36","0.66","3.99","0.502","-0.819","-0.666","-0.328"
"Jones, Jamaine","WC","18","2.01","2.72","2.49","7.21","-0.436","-0.235","-0.301","-0.324"
"Jones, Lachie","PA","14","0.86","3.66","1.17","5.69","-0.689","0.322","-0.577","-0.315"
"Jones, Zak","SK","13","1.54","1.29","3.73","6.57","-0.399","-0.496","0.453","-0.147"
"Jordon, James","ME","22","2.75","3.18","4.03","9.96","-0.310","-0.201","0.011","-0.167"
"Joyce, Darragh","SK","3","-0.03","0.92","0.07","0.96","-1.046","0.549","-0.888","-0.461"
"Keath, Alex","WB","15","0.83","4.44","0.76","6.04","-0.706","0.565","-0.731","-0.291"
"Keays, Ben","AD","22","5.45","3.16","9.58","18.19","0.254","-0.274","1.204","0.395"
"Keeffe, Lachlan","GW","18","0.97","3.69","1.06","5.73","-0.726","0.037","-0.701","-0.463"
"Kelly, Jake","ES","21","0.28","5.69","0.89","6.87","-0.932","0.371","-0.785","-0.448"
"Kelly, Josh","GW","21","5.18","4.29","7.67","17.14","0.249","0.034","0.847","0.377"
"Kelly, Tim","WC","17","4.54","2.54","6.92","14.00","0.351","-0.245","1.061","0.389"
"Kemp, Brodie","CA","4","0.00","1.00","0.09","1.09","-1.000","0.262","-0.884","-0.541"
"Kennedy, Adam","GW","18","1.15","4.78","1.49","7.43","-0.675","0.344","-0.580","-0.304"
"Kennedy, Josh","WC","15","9.70","0.21","0.85","10.75","2.273","-0.930","-0.715","0.209"
"Kennedy, Josh","SY","11","0.63","0.96","1.66","3.25","-0.668","-0.500","-0.131","-0.433"
"Kennedy, Matthew","CA","17","3.83","2.26","7.75","13.84","0.139","-0.329","1.308","0.373"
"Kent, Dean","SK","2","0.38","0.08","0.19","0.65","-0.040","-0.805","-0.510","-0.452"
"Khamis, Buku","WB","8","1.41","1.24","0.55","3.21","-0.065","-0.179","-0.636","-0.293"
"King, Max","SK","22","13.25","0.44","1.56","15.24","2.047","-0.899","-0.642","0.169"
"Knevitt, Mitch","GE","2","0.12","0.07","0.30","0.49","-0.644","-0.807","-0.134","-0.528"
"Kolodjashnij, Jake","GE","23","0.56","6.13","1.44","8.12","-0.861","0.532","-0.641","-0.323"
"Koschitzke, Jacob","HW","16","5.02","1.24","2.01","8.27","0.587","-0.608","-0.364","-0.128"
"Kreuger, Nathan","CW","5","0.94","0.36","0.42","1.71","0.075","-0.589","-0.517","-0.343"
"Ladhams, Peter","SY","11","2.23","1.42","3.64","7.29","0.167","-0.260","0.905","0.271"
"Laird, Rory","AD","20","4.64","3.15","11.20","18.99","0.174","-0.204","1.834","0.601"
"Lambert, Kane","RI","7","0.74","0.40","1.18","2.31","-0.444","-0.701","-0.111","-0.418"
"Langdon, Ed","ME","23","4.04","4.71","4.63","13.37","-0.032","0.130","0.111","0.070"
"Langdon, Zac","WC","8","1.68","0.19","0.69","2.56","0.061","-0.880","-0.563","-0.461"
"Langford, Kyle","ES","9","2.79","0.18","1.20","4.17","0.568","-0.899","-0.323","-0.218"
"Larkey, Nick","NM","20","9.76","1.28","0.90","11.93","1.469","-0.677","-0.773","0.006"
"Laverde, Jayden","ES","22","0.69","7.05","1.86","9.60","-0.841","0.621","-0.571","-0.264"
"Lazzaro, Charlie","NM","12","0.91","0.52","0.74","2.18","-0.615","-0.780","-0.686","-0.694"
"Lemmens, Sean","GC","20","0.38","6.98","1.35","8.71","-0.904","0.766","-0.659","-0.266"
"Lester, Ryan","BL","3","0.13","0.75","0.17","1.05","-0.752","0.441","-0.683","-0.331"
"Lever, Jake","ME","19","0.57","7.58","1.15","9.30","-0.835","1.203","-0.667","-0.100"
"Lewis, Mitch","HW","15","8.77","1.11","1.08","10.97","1.960","-0.625","-0.635","0.233"
"Liberatore, Tom","WB","22","4.42","3.32","12.60","20.33","0.062","-0.201","2.029","0.630"
"Lienert, Jarrod","SK","11","0.10","4.21","1.13","5.44","-0.953","0.936","-0.480","-0.166"
"Lipinski, Patrick","CW","25","4.37","3.59","7.09","15.05","0.004","-0.175","0.632","0.154"
"Lloyd, Daniel","GW","11","1.85","0.53","1.04","3.42","-0.148","-0.754","-0.524","-0.475"
"Lloyd, Jake","SY","24","1.32","10.03","2.65","14.00","-0.685","1.404","-0.365","0.118"
"Lobb, Rory","FR","21","9.21","3.24","2.34","14.79","1.422","-0.149","-0.385","0.296"
"Logue, Griffin","FR","20","2.45","7.05","1.34","10.84","-0.322","0.946","-0.630","-0.002"
"Lohmann, Kai","BL","2","0.17","0.27","0.28","0.73","-0.503","-0.229","-0.181","-0.304"
"Long, Ben","SK","19","2.93","3.19","2.27","8.38","-0.220","-0.150","-0.397","-0.256"
"Long, Ned","HW","1","0.03","0.24","0.09","0.36","-0.860","0.223","-0.524","-0.387"
"Lord, Alastair","ES","1","0.00","0.00","0.00","0.00","-1.000","-1.000","-1.000","-1.000"
"Lukosius, Jack","GC","13","3.72","2.43","2.52","8.67","0.449","-0.056","-0.017","0.126"
"Lycett, Scott","PA","4","1.21","0.24","1.76","3.22","0.535","-0.694","1.229","0.357"
"Lynch, Max","HW","7","2.21","0.39","1.70","4.30","0.596","-0.717","0.230","0.036"
"Lynch, Tom","RI","19","12.56","0.68","2.06","15.30","2.498","-0.812","-0.426","0.420"
"Lyons, Jarryd","BL","22","4.88","2.28","9.95","17.11","0.275","-0.404","1.602","0.491"
"Macdonald, Connor","HW","20","3.38","1.06","2.46","6.90","-0.146","-0.731","-0.377","-0.418"
"Macpherson, Darcy","GC","10","1.02","1.07","1.19","3.28","-0.484","-0.459","-0.399","-0.447"
"Macrae, Finlay","CW","2","0.04","0.20","0.08","0.33","-0.876","-0.422","-0.759","-0.685"
"Macrae, Jack","WB","23","4.98","4.57","13.28","22.83","0.145","0.051","2.055","0.751"
"Madden, James","BL","2","0.04","0.18","0.13","0.36","-0.876","-0.483","-0.617","-0.659"
"Madgen, Jack","CW","9","0.28","1.64","0.28","2.21","-0.820","0.051","-0.819","-0.529"
"Maginness, Finn","HW","16","2.19","1.89","2.60","6.68","-0.308","-0.401","-0.178","-0.296"
"Mahony, Jack","NM","13","2.09","0.61","1.19","3.89","-0.185","-0.763","-0.537","-0.495"
"Mansell, Rhyan","RI","2","-0.02","0.69","0.01","0.68","-1.063","0.837","-0.964","-0.397"
"Marchbank, Caleb","CA","4","0.10","1.50","0.18","1.78","-0.876","0.897","-0.772","-0.250"
"Markov, Oleg","GC","11","1.02","3.19","1.41","5.62","-0.531","0.465","-0.351","-0.139"
"Marshall, Rowan","SK","21","6.99","2.85","8.25","18.09","0.685","-0.313","0.987","0.453"
"Marshall, Todd","PA","21","10.76","1.71","2.34","14.80","1.592","-0.588","-0.437","0.189"
"Martin, Dustin","RI","9","3.02","0.48","3.14","6.64","0.773","-0.718","0.845","0.300"
"Martin, Jack","CA","12","3.38","0.48","1.22","5.08","0.427","-0.799","-0.487","-0.286"
"Martin, Nic","ES","21","5.65","3.17","4.15","12.97","0.362","-0.237","-0.001","0.041"
"Martin, Stefan","WB","4","0.47","0.04","1.16","1.68","-0.374","-0.941","0.536","-0.260"
"Mathieson, Rhys","BL","10","1.32","0.92","2.79","5.03","-0.243","-0.471","0.606","-0.036"
"May, Steven","ME","22","0.48","18.26","1.14","19.88","-0.880","3.582","-0.713","0.663"
"Mayes, Sam","PA","3","0.61","0.14","0.10","0.85","0.024","-0.764","-0.832","-0.524"
"Maynard, Brayden","CW","23","1.51","8.78","3.40","13.69","-0.622","1.196","-0.151","0.141"
"McAdam, Shane","AD","15","5.87","0.30","0.87","7.04","0.981","-0.899","-0.706","-0.208"
"McCarthy, Lincoln","BL","25","7.71","1.29","4.11","13.11","0.773","-0.704","-0.054","0.005"
"McCartin, Paddy","SY","24","1.36","8.86","1.39","11.62","-0.674","1.124","-0.666","-0.072"
"McCartin, Tom","SY","25","0.00","11.63","1.05","12.68","-1.000","1.674","-0.758","-0.028"
"McCluggage, Hugh","BL","24","6.82","3.07","8.48","18.36","0.634","-0.266","1.031","0.466"
"McComb, Robbie","WB","15","2.23","0.77","1.98","4.98","-0.213","-0.730","-0.303","-0.415"
"McCreery, Beau","CW","22","4.09","1.50","3.21","8.80","0.068","-0.607","-0.160","-0.233"
"McDonald, Logan","SY","17","4.04","0.71","0.91","5.66","0.365","-0.759","-0.693","-0.362"
"McDonald, Luke","NM","22","1.33","10.17","2.34","13.84","-0.695","1.340","-0.462","0.061"
"McDonald, Oscar","CA","2","0.07","0.66","0.01","0.75","-0.814","0.682","-0.980","-0.370"
"McDonald, Tom","ME","9","3.33","1.04","0.56","4.92","1.043","-0.364","-0.659","0.007"
"McEntee, Jed","PA","9","1.09","0.41","0.56","2.06","-0.389","-0.768","-0.686","-0.614"
"McEvoy, Ben","HW","8","3.00","1.54","1.91","6.45","0.900","-0.024","0.207","0.361"
"McGovern, Jeremy","WC","10","0.58","4.54","0.41","5.52","-0.709","1.297","-0.793","-0.069"
"McGovern, Mitch","CA","7","0.64","3.24","0.68","4.56","-0.539","1.340","-0.505","0.098"
"McGrath, Andrew","ES","18","2.35","4.16","4.46","10.97","-0.338","0.169","0.254","0.028"
"McHenry, Ned","AD","20","4.38","1.61","2.68","8.67","0.108","-0.594","-0.321","-0.269"
"McInerney, Justin","SY","22","3.22","2.75","4.26","10.23","-0.159","-0.281","0.113","-0.109"
"McInerney, Oscar","BL","22","6.37","2.00","8.37","16.74","0.664","-0.476","1.188","0.459"
"McInnes, Reef","CW","6","0.95","0.07","0.38","1.40","-0.088","-0.930","-0.636","-0.552"
"McIntosh, Kamdyn","RI","21","3.09","5.49","3.65","12.24","-0.221","0.383","-0.080","0.027"
"McKay, Ben","NM","15","0.38","3.74","0.27","4.39","-0.871","0.261","-0.909","-0.506"
"McKay, Harry","CA","19","10.34","0.99","2.04","13.37","1.754","-0.736","-0.457","0.187"
"McKenzie, Daniel","SK","12","1.49","2.85","2.06","6.41","-0.371","0.203","-0.131","-0.100"
"McKenzie, Trent","PA","7","-0.08","2.72","0.25","2.89","-1.055","0.963","-0.821","-0.304"
"McLean, Hayden","SY","9","2.71","1.04","0.78","4.53","0.731","-0.333","-0.504","-0.035"
"McLean, Toby","WB","2","0.16","0.05","0.41","0.62","-0.583","-0.856","0.075","-0.455"
"McNeil, Lachlan","WB","16","2.46","0.71","1.59","4.76","-0.188","-0.764","-0.473","-0.475"
"McPherson, Andrew","AD","1","0.08","0.11","0.08","0.27","-0.602","-0.421","-0.606","-0.543"
"McStay, Daniel","BL","22","6.70","1.43","3.36","11.49","0.750","-0.626","-0.122","0.001"
"Mead, Jackson","PA","11","0.81","0.77","1.65","3.23","-0.628","-0.646","-0.242","-0.505"
"Meek, Lloyd","FR","6","1.10","1.42","1.62","4.15","0.014","0.310","0.490","0.271"
"Melksham, Jake","ME","11","3.53","0.35","1.41","5.30","0.773","-0.822","-0.293","-0.114"
"Membrey, Tim","SK","22","9.81","2.01","3.14","14.96","1.255","-0.537","-0.278","0.147"
"Menegola, Sam","GE","7","1.71","1.01","1.68","4.40","0.407","-0.172","0.378","0.204"
"Menzie, Jye","ES","2","0.33","0.04","0.23","0.60","-0.158","-0.902","-0.415","-0.492"
"Merrett, Zach","ES","19","5.60","3.96","9.47","19.04","0.492","0.054","1.523","0.690"
"Michael, Carter","BL","1","0.15","0.19","0.02","0.36","-0.131","0.097","-0.907","-0.314"
"Miers, Gryan","GE","22","4.48","1.13","3.19","8.80","0.171","-0.705","-0.165","-0.233"
"Mihocek, Brody","CW","23","8.23","0.58","1.56","10.37","1.057","-0.856","-0.609","-0.136"
"Milera, Wayne","AD","12","2.33","0.88","1.27","4.48","-0.016","-0.630","-0.464","-0.370"
"Miller, Ben","RI","11","1.25","3.98","1.40","6.62","-0.397","0.912","-0.329","0.062"
"Miller, Touk","GC","22","5.50","4.22","15.09","24.81","0.266","-0.030","2.470","0.902"
"Mills, Callum","SY","25","5.35","5.82","9.31","20.48","0.231","0.338","1.142","0.570"
"Mitchell, Tom","HW","21","4.04","3.56","8.49","16.09","-0.026","-0.143","1.045","0.292"
"Moore, Darcy","CW","24","0.67","14.54","1.26","16.48","-0.839","2.484","-0.697","0.316"
"Moore, Dylan","HW","22","9.69","2.00","6.05","17.74","1.228","-0.540","0.391","0.360"
"Morris, Josh","HW","6","0.42","0.72","0.49","1.62","-0.650","-0.396","-0.587","-0.544"
"Morrison, Harry","HW","21","4.10","4.74","4.74","13.57","-0.013","0.141","0.142","0.090"
"Motlop, Jesse","CA","12","2.31","0.31","0.96","3.58","-0.028","-0.868","-0.593","-0.496"
"Motlop, Steven","PA","14","3.31","1.01","1.79","6.11","0.197","-0.634","-0.354","-0.264"
"Mountford, Declan","WC","2","0.36","0.09","0.42","0.88","-0.085","-0.774","0.075","-0.261"
"Mundy, David","FR","22","2.89","3.02","8.01","13.92","-0.274","-0.242","1.009","0.164"
"Murphy, Lachlan","AD","17","4.40","1.05","3.65","9.11","0.311","-0.687","0.086","-0.097"
"Murphy, Nathan","CW","16","0.15","6.23","0.42","6.80","-0.946","1.238","-0.848","-0.185"
"Murray, Nick","AD","16","0.46","6.68","0.84","7.98","-0.855","1.113","-0.734","-0.159"
"Naish, Patrick","WC","11","1.38","2.04","1.20","4.62","-0.365","-0.062","-0.447","-0.291"
"Naitanui, Nic","WC","8","2.94","0.56","3.44","6.95","0.862","-0.646","1.179","0.465"
"Nankervis, Toby","RI","23","5.65","3.70","10.29","19.64","0.300","-0.149","1.367","0.506"
"Narkle, Quinton","GE","8","1.05","0.66","1.14","2.84","-0.243","-0.529","-0.184","-0.319"
"Nash, Conor","HW","21","2.71","2.74","6.14","11.58","-0.348","-0.341","0.478","-0.070"
"Naughton, Aaron","WB","22","11.24","0.69","2.86","14.79","1.704","-0.833","-0.313","0.186"
"Neal-Bullen, Alex","ME","23","4.75","1.93","5.09","11.77","0.141","-0.538","0.222","-0.058"
"Neale, Lachie","BL","25","5.48","3.26","13.40","22.14","0.261","-0.251","2.082","0.697"
"Neale, Shannon","GE","2","0.11","0.13","0.32","0.57","-0.674","-0.617","-0.070","-0.454"
"Nelson, Jackson","WC","13","0.92","1.71","1.47","4.10","-0.642","-0.333","-0.428","-0.468"
"Newcombe, Jai","HW","22","5.31","4.14","8.29","17.74","0.222","-0.047","0.906","0.360"
"Newman, Nic","CA","19","0.74","7.46","1.97","10.17","-0.804","0.988","-0.475","-0.097"
"Newnes, Jack","CA","16","2.16","2.21","2.45","6.81","-0.318","-0.302","-0.227","-0.282"
"Noble, John","CW","25","1.99","4.90","3.35","10.24","-0.543","0.127","-0.229","-0.215"
"Nyuon, Bigoa","RI","1","0.02","0.43","0.02","0.47","-0.874","1.269","-0.899","-0.168"
"OBrien, Lochie","CA","19","3.63","3.52","3.42","10.57","-0.033","-0.062","-0.090","-0.062"
"OBrien, Reilly","AD","20","7.04","3.28","8.00","18.32","0.781","-0.170","1.024","0.545"
"OBrien, Tim","WB","11","0.50","4.15","0.67","5.31","-0.762","0.995","-0.679","-0.148"
"OConnor, Mark","GE","22","1.20","3.88","2.62","7.70","-0.687","0.015","-0.315","-0.329"
"ODriscoll, Nathan","FR","12","2.66","1.33","2.02","6.01","0.223","-0.388","-0.071","-0.079"
"OHalloran, Xavier","GW","14","1.24","1.22","1.70","4.16","-0.554","-0.558","-0.385","-0.499"
"Oliver, Clayton","ME","23","4.99","4.86","16.28","26.14","0.199","0.167","2.907","1.091"
"OMeara, Jaeger","HW","21","5.54","2.37","9.47","17.37","0.334","-0.429","1.281","0.395"
"ONeill, Xavier","WC","11","1.81","0.91","2.12","4.84","-0.168","-0.580","-0.027","-0.258"
"ORiordan, Colin","SY","5","0.07","0.45","0.09","0.61","-0.922","-0.484","-0.892","-0.766"
"Owens, Mitch","SK","7","1.13","0.75","1.14","3.02","-0.182","-0.460","-0.178","-0.273"
"Owies, Matthew","CA","17","4.44","1.01","2.22","7.67","0.321","-0.700","-0.339","-0.239"
"Papley, Tom","SY","19","8.41","1.39","4.38","14.18","1.546","-0.580","0.327","0.431"
"Parfitt, Brandan","GE","17","2.44","1.57","7.19","11.20","-0.176","-0.468","1.431","0.262"
"Parish, Darcy","ES","16","3.61","1.79","8.56","13.95","0.141","-0.435","1.706","0.471"
"Parker, Luke","SY","25","5.06","3.65","11.46","20.16","0.163","-0.162","1.636","0.546"
"Parker, Matthew","RI","5","1.40","0.40","0.89","2.69","0.483","-0.578","-0.057","-0.051"
"Parks, Luke","CA","2","-0.02","0.74","0.01","0.72","-1.062","0.872","-0.986","-0.392"
"Parnell, Patrick","AD","11","0.68","1.75","0.86","3.30","-0.686","-0.195","-0.602","-0.495"
"Paton, Ben","SK","20","0.87","4.54","1.87","7.27","-0.781","0.148","-0.528","-0.387"
"Paul Oea, Hewago","GC","5","0.57","0.29","0.36","1.22","-0.424","-0.709","-0.631","-0.588"
"Payne, Jack","BL","12","0.91","4.84","0.60","6.35","-0.566","1.319","-0.710","0.014"
"Pearce, Alex","FR","21","0.40","8.08","0.77","9.25","-0.896","1.124","-0.797","-0.189"
"Peatling, James","GW","12","3.06","0.50","1.39","4.95","0.291","-0.790","-0.414","-0.304"
"Pedlar, Luke","AD","3","0.18","0.00","0.01","0.20","-0.690","-1.000","-0.977","-0.889"
"Pendlebury, Scott","CW","24","3.78","5.24","7.31","16.33","-0.094","0.256","0.751","0.304"
"Perez, Flynn","NM","16","1.12","3.10","1.67","5.89","-0.646","-0.020","-0.471","-0.379"
"Perkins, Archie","ES","18","5.50","0.54","3.12","9.16","0.546","-0.847","-0.123","-0.141"
"Perryman, Harry","GW","16","1.85","3.44","3.90","9.20","-0.414","0.089","0.234","-0.030"
"Petracca, Christian","ME","24","8.79","3.14","12.51","24.44","1.022","-0.278","1.877","0.874"
"Petrevski-Seton, Sam","WC","14","0.66","1.46","0.91","3.02","-0.762","-0.473","-0.673","-0.636"
"Petruccelle, Jack","WC","8","3.12","0.46","1.08","4.67","0.976","-0.708","-0.315","-0.016"
"Petty, Harry","ME","18","0.13","7.97","0.83","8.92","-0.960","1.443","-0.747","-0.088"
"Phillips, Andrew","ES","10","1.93","0.84","1.95","4.72","-0.023","-0.575","-0.013","-0.204"
"Phillips, Tom","HW","4","0.28","0.44","0.18","0.90","-0.650","-0.447","-0.768","-0.622"
"Pickett, Kysaiah","ME","23","7.35","0.99","2.73","11.07","0.764","-0.762","-0.345","-0.114"
"Pickett, Marlion","RI","19","3.09","3.18","4.41","10.68","-0.140","-0.115","0.228","-0.009"
"Pittonet, Marc","CA","8","1.15","0.82","2.50","4.47","-0.271","-0.480","0.579","-0.057"
"Plowman, Lachie","CA","15","0.49","4.18","0.98","5.65","-0.835","0.410","-0.670","-0.365"
"Polec, Jared","NM","2","0.27","0.23","0.17","0.66","-0.329","-0.410","-0.580","-0.440"
"Poulter, Caleb","CW","1","0.00","0.27","0.27","0.53","-1.000","0.543","0.526","0.023"
"Powell, Tom","NM","18","2.18","1.77","3.11","7.07","-0.387","-0.501","-0.126","-0.338"
"Powell, Wil","GC","12","1.35","4.00","1.83","7.19","-0.430","0.689","-0.227","0.011"
"Powell-Pepper, Sam","PA","22","7.77","1.31","5.48","14.56","0.787","-0.698","0.260","0.116"
"Prestia, Dion","RI","19","4.18","2.88","9.76","16.82","0.164","-0.199","1.719","0.561"
"Preuss, Braydon","GW","10","4.31","0.65","4.37","9.32","1.180","-0.671","1.209","0.573"
"Prior, Jaxon","BL","12","1.27","1.66","1.43","4.37","-0.390","-0.203","-0.315","-0.302"
"Quaynor, Isaac","CW","24","1.71","6.94","2.30","10.96","-0.591","0.663","-0.448","-0.125"
"Rachele, Josh","AD","13","4.04","0.58","1.51","6.12","0.571","-0.776","-0.412","-0.206"
"Ralphsmith, Hugo","RI","13","1.47","2.52","1.49","5.47","-0.401","0.024","-0.395","-0.257"
"Rampe, Dane","SY","25","0.54","10.47","1.41","12.43","-0.875","1.408","-0.675","-0.047"
"Rankine, Izak","GC","18","7.14","0.87","3.04","11.05","1.007","-0.756","-0.145","0.036"
"Ratugolea, Esava","GE","4","0.13","0.63","0.35","1.11","-0.815","-0.100","-0.494","-0.469"
"Rayner, Cam","BL","24","6.68","1.65","5.34","13.66","0.599","-0.606","0.279","0.091"
"Redden, Jack","WC","21","3.39","3.51","4.75","11.64","-0.184","-0.155","0.144","-0.065"
"Redman, Mason","ES","20","2.48","7.15","2.41","12.04","-0.372","0.808","-0.391","0.015"
"Reeves, Ned","HW","12","3.76","1.46","3.38","8.59","0.584","-0.386","0.423","0.207"
"Reid, Sam","SY","18","5.23","1.71","3.37","10.30","0.669","-0.454","0.076","0.097"
"Reid, Zach","ES","7","0.05","1.71","0.17","1.93","-0.963","0.236","-0.878","-0.535"
"Riccardi, Jake","GW","15","4.63","0.64","1.30","6.57","0.562","-0.784","-0.562","-0.261"
"Rich, Daniel","BL","22","2.25","9.50","3.73","15.47","-0.413","1.483","-0.026","0.348"
"Richards, Ed","WB","22","1.44","7.97","2.69","12.10","-0.653","0.915","-0.353","-0.030"
"Ridley, Jordan","ES","20","0.49","10.36","0.91","11.76","-0.877","1.621","-0.769","-0.008"
"Riewoldt, Jack","RI","21","9.83","1.50","3.23","14.55","1.477","-0.623","-0.187","0.222"
"Rioli, Daniel","RI","23","4.06","5.98","3.55","13.59","-0.066","0.375","-0.183","0.042"
"Rioli, Maurice","RI","15","3.80","0.63","1.44","5.87","0.340","-0.778","-0.492","-0.310"
"Rioli, Willie","WC","13","4.01","0.90","2.39","7.30","0.562","-0.651","-0.070","-0.053"
"Rivers, Trent","ME","18","0.94","4.37","1.89","7.20","-0.712","0.340","-0.420","-0.264"
"Roberts, Matt","SY","1","-0.02","0.09","0.00","0.07","-1.130","-0.481","-0.973","-0.861"
"Robertson, Deven","BL","8","1.04","0.49","1.03","2.55","-0.255","-0.648","-0.263","-0.389"
"Robinson, Mitch","BL","15","2.12","1.84","2.23","6.19","-0.189","-0.293","-0.145","-0.209"
"Rohan, Gary","GE","12","3.28","0.78","1.83","5.90","0.572","-0.625","-0.122","-0.058"
"Ronke, Ben","SY","8","1.68","0.23","0.58","2.48","0.206","-0.836","-0.585","-0.405"
"Rosas, Malcolm","GC","15","3.27","0.52","2.11","5.90","0.104","-0.824","-0.290","-0.337"
"Ross, Jack","RI","15","2.11","1.94","3.37","7.42","-0.255","-0.317","0.189","-0.127"
"Ross, Sebastian","SK","21","3.39","4.02","8.37","15.78","-0.184","-0.031","1.017","0.267"
"Rotham, Josh","WC","13","0.99","2.97","0.50","4.45","-0.616","0.154","-0.805","-0.422"
"Roughead, Jordan","CW","1","0.00","0.20","0.00","0.20","-1.000","0.123","-1.000","-0.626"
"Rowbottom, James","SY","24","4.33","3.93","9.77","18.03","0.038","-0.060","1.341","0.440"
"Rowe, James","AD","17","4.27","0.88","2.15","7.30","0.272","-0.739","-0.361","-0.276"
"Rowell, Matt","GC","22","2.18","3.27","11.20","16.65","-0.498","-0.249","1.576","0.277"
"Rozee, Connor","PA","22","6.60","3.36","8.09","18.05","0.518","-0.227","0.861","0.384"
"Ruscoe, Trey","CW","4","0.24","0.54","0.26","1.03","-0.658","-0.229","-0.629","-0.505"
"Ryan, Liam","WC","17","7.93","0.63","2.10","10.65","1.359","-0.812","-0.376","0.057"
"Ryan, Luke","FR","24","0.77","15.27","2.01","18.05","-0.823","2.512","-0.538","0.384"
"Ryder, Paddy","SK","12","4.34","0.75","3.32","8.41","0.829","-0.683","0.400","0.182"
"Saad, Adam","CA","21","2.01","9.09","3.62","14.72","-0.515","1.191","-0.128","0.182"
"Salem, Christian","ME","13","0.68","3.45","1.77","5.90","-0.713","0.466","-0.250","-0.166"
"Saunders, Jack","HW","1","0.30","0.01","0.05","0.36","0.541","-0.954","-0.762","-0.392"
"Schache, Josh","WB","7","1.44","0.70","0.70","2.83","0.086","-0.473","-0.474","-0.287"
"Schoenberg, Harry","AD","16","2.46","1.62","4.85","8.94","-0.221","-0.486","0.535","-0.058"
"Schultz, Lachie","FR","23","7.56","1.78","3.04","12.37","0.814","-0.574","-0.270","-0.010"
"Scott, Anthony","WB","14","2.46","1.48","2.17","6.10","-0.072","-0.441","-0.181","-0.231"
"Scott, Bailey","NM","21","1.95","5.42","1.72","9.09","-0.531","0.307","-0.585","-0.270"
"Scrimshaw, Jack","HW","20","1.85","6.96","1.61","10.43","-0.531","0.761","-0.592","-0.121"
"Selwood, Joel","GE","21","3.84","3.42","10.19","17.45","0.051","-0.064","1.790","0.592"
"Serong, Caleb","FR","22","3.48","3.08","9.49","16.04","-0.128","-0.227","1.381","0.342"
"Serong, Jai","HW","3","0.36","0.02","0.15","0.53","-0.393","-0.964","-0.754","-0.704"
"Setterfield, Will","CA","13","1.30","2.42","2.64","6.36","-0.494","-0.057","0.028","-0.174"
"Sexton, Alex","GC","4","1.30","0.01","0.31","1.63","0.650","-0.984","-0.606","-0.313"
"Sharman, Cooper","SK","10","1.06","2.28","0.85","4.19","-0.462","0.151","-0.571","-0.294"
"Sharp, Harry","BL","5","0.00","0.39","0.23","0.62","-1.000","-0.549","-0.736","-0.761"
"Sharp, Jeremy","GC","12","1.64","0.60","1.26","3.50","-0.310","-0.746","-0.468","-0.508"
"Sheed, Dom","WC","1","0.16","0.21","0.24","0.61","-0.168","0.043","0.191","0.022"
"Sheldrick, Angus","SY","2","0.14","0.00","0.04","0.18","-0.609","-1.009","-0.871","-0.830"
"Shiel, Dylan","ES","19","4.25","1.62","9.87","15.74","0.131","-0.569","1.629","0.397"
"Shiels, Liam","HW","13","1.77","1.22","1.77","4.76","-0.310","-0.526","-0.311","-0.383"
"Sholl, Lachlan","AD","11","1.63","1.50","1.73","4.85","-0.252","-0.311","-0.206","-0.257"
"Short, Jayden","RI","23","4.47","6.20","8.31","18.98","0.027","0.426","0.912","0.455"
"Shuey, Luke","WC","17","3.75","2.43","6.40","12.58","0.116","-0.277","0.906","0.248"
"Sicily, James","HW","22","1.36","17.43","1.87","20.66","-0.688","3.009","-0.570","0.584"
"Sidebottom, Steele","CW","25","3.87","3.79","5.14","12.80","-0.110","-0.129","0.183","-0.019"
"Silvagni, Jack","CA","21","5.13","1.58","4.83","11.53","0.235","-0.620","0.164","-0.074"
"Simpkin, Jy","NM","21","5.22","2.91","7.74","15.87","0.257","-0.299","0.865","0.274"
"Sinclair, Jack","SK","22","3.42","10.09","5.18","18.68","-0.215","1.320","0.191","0.432"
"Sinn, Josh","PA","1","0.05","0.08","0.08","0.21","-0.744","-0.604","-0.591","-0.646"
"Skinner, Sam","PA","2","0.03","0.51","0.10","0.64","-0.936","0.301","-0.741","-0.459"
"Sloane, Rory","AD","4","0.29","0.92","1.28","2.48","-0.635","0.158","0.618","0.047"
"Smith, Bailey","WB","17","4.89","2.62","8.04","15.55","0.522","-0.185","1.502","0.613"
"Smith, Brodie","AD","21","2.78","7.81","3.72","14.31","-0.330","0.881","-0.102","0.149"
"Smith, Devon","ES","8","1.74","0.07","0.90","2.71","0.100","-0.957","-0.428","-0.428"
"Smith, Isaac","GE","24","5.74","4.91","6.34","16.99","0.375","0.176","0.519","0.357"
"Smith, Joel","ME","7","0.00","1.72","0.24","1.96","-1.000","0.360","-0.810","-0.484"
"Smith, Roarke","WB","10","1.15","0.88","0.97","3.00","-0.392","-0.537","-0.486","-0.472"
"Snelling, Will","ES","8","0.56","0.44","1.32","2.33","-0.644","-0.721","-0.162","-0.509"
"Soldo, Ivan","RI","13","2.81","1.02","2.87","6.70","0.143","-0.586","0.169","-0.091"
"Soligo, Jake","AD","16","2.39","2.04","2.69","7.11","-0.246","-0.355","-0.149","-0.250"
"Sonsie, Tyler","RI","7","1.43","0.94","1.68","4.05","0.077","-0.288","0.271","0.020"
"Spargo, Charlie","ME","24","4.36","1.95","3.46","9.77","0.003","-0.551","-0.205","-0.251"
"Sparrow, Tom","ME","23","2.97","2.80","6.50","12.26","-0.288","-0.328","0.559","-0.019"
"Spicer, Phoenix","NM","5","0.77","0.16","0.21","1.14","-0.224","-0.840","-0.785","-0.616"
"Sproule, Zach","GW","6","0.84","0.05","0.66","1.55","-0.292","-0.957","-0.445","-0.565"
"Stack, Sydney","RI","2","0.14","0.10","0.10","0.34","-0.623","-0.736","-0.748","-0.703"
"Stanley, Rhys","GE","20","4.10","4.29","7.93","16.32","0.178","0.234","1.279","0.564"
"Starcevich, Brandon","BL","24","1.32","6.41","2.17","9.89","-0.685","0.536","-0.481","-0.210"
"Steele, Jack","SK","18","3.85","3.43","8.89","16.16","0.082","-0.037","1.498","0.514"
"Stein, Jake","GW","9","0.54","2.08","0.28","2.90","-0.698","0.172","-0.842","-0.456"
"Stengle, Tyson","GE","25","10.26","1.24","5.96","17.46","1.359","-0.716","0.371","0.338"
"Stephens, Cooper","GE","7","0.39","0.52","1.35","2.27","-0.678","-0.569","0.112","-0.378"
"Stephens, Dylan","SY","15","1.84","2.06","2.44","6.34","-0.296","-0.210","-0.066","-0.191"
"Stephenson, Jaidyn","NM","16","2.68","3.52","2.23","8.43","-0.152","0.114","-0.296","-0.111"
"Stewart, James","ES","6","0.91","0.89","0.42","2.21","-0.234","-0.251","-0.650","-0.378"
"Stewart, Tom","GE","20","1.04","12.16","2.61","15.81","-0.702","2.497","-0.249","0.515"
"Stocker, Liam","CA","6","0.20","1.59","0.53","2.31","-0.835","0.342","-0.555","-0.349"
"Stone, Conor","GW","1","0.11","0.04","0.02","0.16","-0.457","-0.808","-0.916","-0.727"
"Strachan, Kieran","AD","2","0.34","0.26","0.38","0.98","-0.138","-0.348","-0.037","-0.174"
"Stringer, Jake","ES","15","6.37","0.75","4.06","11.19","1.149","-0.745","0.370","0.258"
"Strnadica, Luke","WC","2","0.68","0.17","0.39","1.24","0.727","-0.572","-0.023","0.044"
"Swallow, David","GC","22","4.96","4.13","9.90","18.99","0.140","-0.050","1.278","0.456"
"Sweet, Jordon","WB","6","1.19","0.64","1.59","3.42","0.053","-0.440","0.406","0.006"
"Switkowski, Sam","FR","14","3.80","0.83","3.07","7.71","0.499","-0.673","0.212","0.013"
"Taberner, Matthew","FR","13","4.92","0.62","0.97","6.51","1.090","-0.736","-0.589","-0.079"
"Taranto, Tim","GW","16","4.11","2.61","5.63","12.35","0.299","-0.174","0.780","0.302"
"Tarrant, Robbie","RI","20","0.24","7.39","1.17","8.80","-0.937","0.955","-0.691","-0.224"
"Taylor, Curtis","NM","22","3.89","3.45","2.51","9.86","-0.105","-0.206","-0.422","-0.244"
"Taylor, Lewis","SY","1","0.00","0.00","0.00","0.00","-1.000","-1.000","-1.000","-1.000"
"Taylor, Sam","GW","22","0.99","12.50","1.23","14.72","-0.772","1.876","-0.718","0.129"
"Teakle, Brynn","PA","2","0.18","0.13","0.41","0.72","-0.552","-0.661","0.036","-0.392"
"Thilthorpe, Riley","AD","11","2.75","0.80","1.47","5.02","0.263","-0.632","-0.324","-0.231"
"Thomas, Tarryn","NM","10","1.42","0.83","2.01","4.26","-0.284","-0.578","0.017","-0.282"
"Thompson, Rory","GC","3","-0.05","0.86","0.07","0.88","-1.080","0.450","-0.880","-0.503"
"Tomlinson, Adam","ME","8","-0.13","3.40","0.11","3.38","-1.090","1.346","-0.922","-0.222"
"Treacy, Josh","FR","4","0.62","0.45","0.41","1.48","-0.139","-0.379","-0.441","-0.320"
"Treloar, Adam","WB","22","4.64","3.77","7.16","15.57","0.116","-0.094","0.722","0.248"
"Trew, Zane","WC","2","0.33","0.10","0.26","0.69","-0.168","-0.746","-0.336","-0.417"
"Tsitas, James","GC","1","0.07","-0.01","0.01","0.07","-0.640","-1.047","-0.973","-0.887"
"Tucker, Darcy","FR","14","1.12","1.29","2.07","4.48","-0.559","-0.493","-0.183","-0.411"
"Tunstill, James","BL","3","0.24","0.24","0.33","0.80","-0.545","-0.544","-0.370","-0.486"
"Tuohy, Zach","GE","24","3.20","7.52","4.25","14.97","-0.234","0.802","0.018","0.195"
"Turner, Daniel","ME","1","0.02","0.09","0.11","0.22","-0.880","-0.507","-0.408","-0.598"
"Turner, Kayne","NM","17","1.59","2.13","0.94","4.66","-0.526","-0.366","-0.720","-0.538"
"Ugle-Hagan, Jamarra","WB","17","4.50","0.41","1.47","6.39","0.401","-0.872","-0.541","-0.338"
"Vandermeer, Laitham","WB","10","2.07","0.61","1.47","4.15","0.097","-0.677","-0.224","-0.268"
"Viney, Jack","ME","22","4.21","4.58","10.26","19.05","0.056","0.149","1.574","0.593"
"Vlastuin, Nick","RI","17","1.35","8.52","1.78","11.65","-0.579","1.651","-0.447","0.208"
"Walker, Brandon","FR","21","0.79","4.40","1.97","7.16","-0.792","0.156","-0.483","-0.373"
"Walker, Josh","NM","16","0.35","5.79","0.35","6.49","-0.888","0.831","-0.890","-0.316"
"Walker, Taylor","AD","18","11.55","0.57","2.74","14.86","2.248","-0.839","-0.230","0.393"
"Wallis, Mitch","WB","5","0.97","0.13","0.37","1.47","0.025","-0.863","-0.609","-0.482"
"Walsh, Sam","CA","20","3.38","3.77","8.99","16.15","-0.144","-0.046","1.275","0.362"
"Walters, Michael","FR","21","6.25","1.10","2.83","10.19","0.643","-0.710","-0.255","-0.107"
"Wanganeen, Tex","ES","5","0.26","0.10","0.12","0.47","-0.741","-0.900","-0.883","-0.841"
"Wanganeen-Milera, Nasiah","SK","17","1.76","2.44","2.31","6.51","-0.476","-0.273","-0.313","-0.354"
"Ward, Callan","GW","22","3.44","3.83","5.99","13.27","-0.208","-0.119","0.379","0.017"
"Ward, Josh","HW","14","1.74","1.70","3.36","6.81","-0.370","-0.384","0.216","-0.179"
"Warner, Chad","SY","24","7.89","3.77","9.96","21.62","0.890","-0.097","1.386","0.727"
"Waterman, Alec","ES","8","2.20","0.00","0.45","2.65","0.392","-0.998","-0.717","-0.441"
"Waterman, Jake","WC","20","6.55","1.41","1.14","9.09","0.656","-0.644","-0.712","-0.233"
"Webster, Jimmy","SK","20","0.51","7.16","0.82","8.50","-0.870","0.813","-0.792","-0.283"
"Wehr, Jacob","GW","10","1.50","1.45","1.35","4.31","-0.239","-0.265","-0.315","-0.273"
"Weideman, Sam","ME","10","2.80","0.65","0.90","4.35","0.544","-0.642","-0.501","-0.200"
"Weightman, Cody","WB","21","6.92","1.09","1.99","9.99","0.743","-0.725","-0.500","-0.161"
"Weitering, Jacob","CA","18","0.56","10.25","0.69","11.49","-0.843","1.880","-0.806","0.077"
"Weller, Lachie","GC","11","1.73","5.01","2.41","9.15","-0.204","1.304","0.109","0.403"
"West, Connor","WC","14","2.20","0.77","2.57","5.54","-0.204","-0.722","-0.071","-0.332"
"West, Rhylee","WB","14","3.15","0.67","1.62","5.44","0.192","-0.746","-0.390","-0.314"
"Whitfield, Lachie","GW","18","3.14","4.61","4.30","12.05","-0.117","0.295","0.208","0.129"
"Wicks, Sam","SY","10","1.09","0.37","0.84","2.30","-0.374","-0.787","-0.517","-0.559"
"Wilkie, Callum","SK","22","0.30","11.24","1.08","12.62","-0.931","1.584","-0.750","-0.033"
"Williams, Bailey","WB","22","2.79","3.83","3.35","9.98","-0.328","-0.078","-0.195","-0.200"
"Williams, Bailey","WC","17","5.26","1.24","3.64","10.14","0.566","-0.630","0.083","0.006"
"Williams, Jack","WC","1","-0.06","-0.02","0.08","0.00","-1.291","-1.091","-0.615","-0.999"
"Williams, Zac","CA","9","0.42","4.11","1.19","5.72","-0.766","1.311","-0.329","0.072"
"Williamson, Tom","CA","1","0.00","0.00","0.00","0.00","-1.000","-1.000","-1.000","-1.000"
"Wilmot, Darcy","BL","3","0.30","0.44","0.48","1.22","-0.421","-0.152","-0.084","-0.219"
"Wilson, Nathan","FR","2","0.02","0.81","0.11","0.95","-0.936","1.243","-0.693","-0.128"
"Wilson, Tom","CW","3","0.45","0.09","0.30","0.84","-0.130","-0.827","-0.433","-0.463"
"Winder, Isiah","WC","6","1.05","0.29","0.40","1.74","-0.112","-0.755","-0.666","-0.511"
"Windhager, Marcus","SK","18","2.20","0.89","2.85","5.93","-0.383","-0.749","-0.200","-0.444"
"Wines, Ollie","PA","21","4.92","3.47","10.28","18.68","0.187","-0.163","1.478","0.501"
"Wingard, Chad","HW","10","4.40","0.44","1.72","6.55","1.227","-0.779","-0.132","0.105"
"Witherden, Alex","WC","13","0.49","5.74","0.82","7.05","-0.808","1.236","-0.682","-0.085"
"Witts, Jarrod","GC","22","7.50","2.44","10.59","20.53","0.725","-0.439","1.436","0.574"
"Wood, Mason","SK","19","4.64","3.00","3.43","11.07","0.236","-0.201","-0.088","-0.017"
"Worpel, James","HW","11","1.47","1.17","2.98","5.62","-0.325","-0.462","0.371","-0.139"
"Worrell, Josh","AD","4","0.26","1.69","0.48","2.43","-0.668","1.136","-0.394","0.025"
"Wright, Peter","ES","22","13.31","2.95","2.47","18.73","2.062","-0.321","-0.432","0.436"
"Xerri, Tristan","NM","12","3.61","0.64","2.52","6.77","0.523","-0.730","0.063","-0.048"
"Yeo, Elliot","WC","5","0.00","1.81","0.23","2.04","-1.000","0.830","-0.766","-0.312"
"Young, Hayden","FR","22","1.54","8.91","3.27","13.72","-0.614","1.237","-0.181","0.147"
"Young, Lachie","NM","20","1.53","7.49","1.64","10.66","-0.612","0.895","-0.586","-0.101"
"Young, Lewis","CA","19","0.53","13.06","0.68","14.27","-0.860","2.479","-0.819","0.267"
"Zerk-Thatcher, Brandon","ES","12","0.15","4.92","0.43","5.50","-0.935","1.073","-0.818","-0.227"
"Ziebell, Jack","NM","19","5.39","1.95","1.64","8.98","0.437","-0.481","-0.563","-0.202"
"Zorko, Dayne","BL","22","3.71","3.88","6.17","13.76","-0.030","0.014","0.613","0.199"
"Zurhaar, Cameron","NM","19","9.43","0.67","2.38","12.48","1.512","-0.823","-0.367","0.108"